??,??,??,???,???,??,??,???(?),????(?),???
???,2016-11-01?2019-10-31,,-1068.97,-9.99%,7084.44,11714.98,70891372248,8781429304,-
10/31/2019,9709.1,9635.33,-46.21,-0.48%,9626.93,9720.97,101017232,13739823,-
10/30/2019,9707.18,9681.54,-64.49,-0.66%,9647,9726.95,110286048,13744841,-
10/29/2019,9812.48,9746.03,-55.84,-0.57%,9746.03,9818.74,136444992,17215892,-
10/28/2019,9721.64,9801.87,141.43,1.46%,9704.53,9802.15,129557144,16707779,-
10/25/2019,9562.3,9660.44,104.68,1.10%,9509.34,9665.6,90414488,12252364,-
10/24/2019,9570.33,9555.76,-11.99,-0.13%,9495,9598.33,79794040,10272407,-
10/23/2019,9641.89,9567.75,-74.34,-0.77%,9547.5,9652.07,82244648,10558018,-
10/22/2019,9582.12,9642.09,88.52,0.93%,9558.36,9642.93,81750880,11009496,-
10/21/2019,9533.09,9553.57,20.06,0.21%,9476.46,9560.98,82555328,10879833,-
10/18/2019,9665.81,9533.51,-111.88,-1.16%,9516.75,9706.38,96939584,12354777,-
10/17/2019,9657.09,9645.39,3.33,0.03%,9617.01,9670.7,81047416,10783769,-
10/16/2019,9678.31,9642.06,-29.67,-0.31%,9635.45,9722.12,93422656,12669362,-
10/15/2019,9759.95,9671.73,-114.91,-1.17%,9658.51,9759.95,107234168,13861349,-
10/14/2019,9753.58,9786.64,120.06,1.24%,9725.68,9840.59,124531576,16165224,-
10/11/2019,9656.98,9666.58,28.48,0.30%,9583.52,9704.68,100694096,13609470,-
10/10/2019,9504.03,9638.1,131.54,1.38%,9480.17,9643.52,97773448,13871050,-
10/9/2019,9443.45,9506.56,31.81,0.34%,9380.57,9507.04,82136544,10918697,-
10/8/2019,9474.57,9474.75,28.51,0.30%,9468.74,9556.96,86208952,11728867,-
9/30/2019,9544.02,9446.24,-102.72,-1.08%,9446.04,9581.64,81835912,10854512,-
9/27/2019,9470.54,9548.96,84.12,0.89%,9467.15,9574.5,92760144,12166178,-
9/26/2019,9698.28,9464.84,-206.22,-2.13%,9464.84,9707.92,120626696,16138176,-
9/25/2019,9768.38,9671.06,-140.32,-1.43%,9656.05,9768.38,122330048,16203130,-
9/24/2019,9783.39,9811.38,30.24,0.31%,9761.03,9896.18,125921976,17647790,-
9/23/2019,9853.47,9781.14,-100.11,-1.01%,9703.66,9853.47,120508184,15848292,-
9/20/2019,9873.94,9881.25,29.05,0.29%,9832.39,9903.69,122139856,16439761,-
9/19/2019,9786.4,9852.2,98.89,1.01%,9733.97,9852.2,112605616,14465117,-
9/18/2019,9747.98,9753.31,30.51,0.31%,9701.64,9785.62,104783504,13719978,-
9/17/2019,9890.58,9722.8,-195.29,-1.97%,9684.15,9890.58,134570016,16424034,-
9/16/2019,9952.33,9918.09,-1.71,-0.02%,9877.11,9962.15,129608736,16410545,-
9/12/2019,9886.25,9919.8,66.08,0.67%,9837.27,9941.17,119708568,15087729,-
9/11/2019,9985.11,9853.72,-111.21,-1.12%,9835.97,10000.25,151229232,19143060,-
9/10/2019,10005.81,9964.93,-37,-0.37%,9903.42,10005.81,165753536,20740750,-
9/9/2019,9907.13,10001.93,178.51,1.82%,9853.69,10001.93,178125584,22404018,-
9/6/2019,9829.97,9823.42,39.92,0.41%,9742.28,9837.23,144141440,19059644,-
9/5/2019,9752.34,9783.5,83.18,0.86%,9751.95,9900.76,198809696,24023792,-
9/4/2019,9612.62,9700.32,66.63,0.69%,9590.98,9700.32,149650832,18638798,-
9/3/2019,9591.42,9633.69,64.22,0.67%,9547.76,9633.69,134180536,17466026,-
9/2/2019,9393.03,9569.47,203.79,2.18%,9389.48,9586.52,130900960,17197878,-
8/30/2019,9458.39,9365.68,-32.79,-0.35%,9310.11,9492.04,125451368,16374324,-
8/29/2019,9429,9398.47,-15.53,-0.16%,9363.15,9440.67,112352624,13650290,-
8/28/2019,9449.4,9414,-29.18,-0.31%,9375.57,9453.75,121018632,14588242,-
8/27/2019,9333.11,9443.18,172.79,1.86%,9333.11,9517.65,145818560,17982186,-
8/26/2019,9181.71,9270.39,-92.16,-0.98%,9173.01,9298.1,117139944,14536815,-
8/23/2019,9357,9362.55,11.99,0.13%,9311.26,9397.76,112053040,14063852,-
8/22/2019,9350.65,9350.56,27.81,0.30%,9282.76,9363.79,116376200,13839775,-
8/21/2019,9304.52,9322.75,-5.98,-0.06%,9287.31,9361.74,112778568,13821333,-
8/20/2019,9340.66,9328.73,-0.24,0.00%,9301.92,9389.39,135482192,16307493,-
8/19/2019,9165.8,9328.97,268.05,2.96%,9141.89,9328.97,147233344,18669058,-
8/16/2019,9007.15,9060.92,51.24,0.57%,8995.57,9136.21,105224480,13282654,-
8/15/2019,8779.53,9009.68,43.21,0.48%,8758.04,9011.77,98966776,11858577,-
8/14/2019,9034.05,8966.47,63.84,0.72%,8956.08,9060.4,98812552,12464456,-
8/13/2019,8910.15,8902.63,-75.89,-0.85%,8869.46,8960.02,75321632,9626814,-
8/12/2019,8816.89,8978.52,183.34,2.08%,8798.5,8978.52,84969848,10955775,-
8/9/2019,8963.47,8795.18,-124.1,-1.39%,8780.72,8970.51,86065672,11125051,-
8/8/2019,8870.18,8919.28,104.54,1.19%,8859.48,8936.49,78382792,9693546,-
8/7/2019,8919.89,8814.74,-44.73,-0.50%,8814.74,8933.99,81365696,9900601,-
8/6/2019,8805.16,8859.47,-125.26,-1.39%,8669.89,8898.38,123333200,14067037,-
8/5/2019,9093.07,8984.73,-151.73,-1.66%,8984.73,9168.1,94049832,11722717,-
8/2/2019,9049.35,9136.46,-131.59,-1.42%,9020.26,9150.73,103224176,12623066,-
8/1/2019,9278.83,9268.05,-58.56,-0.63%,9223.31,9327.94,83094416,10591380,-
7/31/2019,9374.44,9326.62,-72.48,-0.77%,9318.59,9374.44,82200792,9928456,-
7/30/2019,9362.23,9399.1,44.82,0.48%,9362.23,9469.08,100311088,11489358,-
7/29/2019,9350.21,9354.28,5.28,0.06%,9310.63,9376.42,85478816,10422169,-
7/26/2019,9310.65,9349,4.18,0.04%,9294.61,9363.27,81726928,9991148,-
7/25/2019,9265.31,9344.82,78.52,0.85%,9247.97,9344.82,99037264,12038870,-
7/24/2019,9203.23,9266.3,90.47,0.99%,9203.23,9312.67,93627072,11525750,-
7/23/2019,9125.46,9175.83,53.19,0.58%,9104.76,9175.83,70819168,9107784,-
7/22/2019,9247.28,9122.64,-105.91,-1.15%,9073.49,9254.65,92911760,10612698,-
7/19/2019,9198.82,9228.55,73.9,0.81%,9198.82,9298.21,87751776,10074404,-
7/18/2019,9258.12,9154.65,-147.35,-1.58%,9153.01,9258.12,96604856,10421785,-
7/17/2019,9274.69,9302,18.59,0.20%,9242.25,9354.81,110090448,11593131,-
7/16/2019,9294.56,9283.41,-26.01,-0.28%,9255.43,9324.91,91237264,10378302,-
7/15/2019,9181.03,9309.42,96.04,1.04%,9066.71,9358.08,106395984,12807615,-
7/12/2019,9161.27,9213.38,60.61,0.66%,9122.41,9236.42,75208032,9109072,-
7/11/2019,9216.95,9152.77,-13.38,-0.15%,9121.46,9282.95,74730656,9551850,-
7/10/2019,9231.86,9166.15,-32.64,-0.35%,9130.53,9239.28,74912616,8998094,-
7/9/2019,9178.91,9198.79,12.5,0.14%,9119.65,9221.72,71809520,9407727,-
7/8/2019,9419.69,9186.29,-256.92,-2.72%,9124.16,9420.24,104133712,12744589,-
7/5/2019,9379.94,9443.22,74.92,0.80%,9345.79,9464.39,74516424,10251800,-
7/4/2019,9435.04,9368.31,-51.53,-0.55%,9323.07,9466.02,90923480,11552949,-
7/3/2019,9519.8,9419.84,-125.68,-1.32%,9376.31,9520.38,104279176,13633717,-
7/2/2019,9516.42,9545.52,15.06,0.16%,9483.16,9560.52,131259032,15549950,-
6/14/2019,8956.92,8810.13,-141.48,-1.58%,8801.33,8994.16,104486408,11214615,-
6/13/2019,8948.58,8951.61,-3.11,-0.03%,8866.22,8974.8,97302368,10750492,-
6/12/2019,9008.57,8954.72,-82.95,-0.92%,8930.91,9038.87,114750280,12528844,-
6/11/2019,8721.27,9037.67,325.88,3.74%,8718.47,9045.12,134595344,15440947,-
6/10/2019,8621.73,8711.79,126.85,1.48%,8582.48,8748.97,86771168,10016236,-
6/6/2019,8741.83,8584.94,-161.11,-1.84%,8557.58,8741.83,92959296,10355880,-
6/5/2019,8831.13,8746.05,-2.22,-0.03%,8729.21,8851.12,87601736,10681879,-
6/4/2019,8854.5,8748.27,-108.72,-1.23%,8697.5,8868.09,95418872,11143285,-
6/3/2019,8953.37,8856.99,-65.7,-0.74%,8826.75,9012.08,107276544,12112473,-
5/31/2019,8939.41,8922.7,-20.65,-0.23%,8892.12,9016.16,95671760,10705450,-
5/30/2019,8974.4,8943.35,-67.01,-0.74%,8845.83,8974.4,105917520,11445762,-
5/29/2019,8971.22,9010.36,-25.33,-0.28%,8956.72,9077.51,96415904,10914302,-
5/28/2019,8979.58,9035.69,55.86,0.62%,8946.7,9082.7,109659312,12679186,-
5/27/2019,8795.14,8979.83,203.06,2.31%,8732.99,9003.87,117191352,12900667,-
5/24/2019,8788.17,8776.77,-32.76,-0.37%,8745.59,8880.81,93047592,10306644,-
5/23/2019,8997.25,8809.54,-231.68,-2.56%,8789.41,8997.25,111318024,12857905,-
5/22/2019,9069,9041.22,-46.3,-0.51%,8986.53,9132.38,111486176,12899051,-
5/21/2019,8920.46,9087.52,171.41,1.92%,8892.14,9120.69,118250616,13212868,-
5/20/2019,8980.8,8916.11,-84.08,-0.93%,8792.84,8994.18,113941992,12833925,-
5/17/2019,9299.46,9000.19,-293.13,-3.15%,8964.37,9303.05,135819856,15147973,-
5/16/2019,9247.99,9293.32,34.29,0.37%,9211.75,9307.22,117327072,13487150,-
5/15/2019,9125.27,9259.03,220.67,2.44%,9123.91,9282.96,110601208,13390654,-
5/14/2019,8998.97,9038.36,-65,-0.71%,8996.92,9142.46,100819168,11857416,-
5/13/2019,9112.52,9103.36,-132.03,-1.43%,9059.32,9191.07,106403624,12547544,-
5/10/2019,8988.92,9235.39,358.08,4.03%,8820.59,9238.55,145090960,16698230,-
5/9/2019,8919.5,8877.31,-125.22,-1.39%,8860.17,9012.24,101678592,11741069,-
5/8/2019,8899.91,9002.53,-86.93,-0.96%,8873.44,9167.81,121128008,13163068,-
5/7/2019,9011.52,9089.46,145.94,1.63%,8928.57,9160.52,130705592,15413948,-
5/6/2019,9289.74,8943.52,-731.02,-7.56%,8893.15,9333.92,167939328,19238410,-
4/30/2019,9573.41,9674.54,52.05,0.54%,9573.39,9730.55,113445560,13939032,-
4/29/2019,9775.95,9622.49,-158.33,-1.62%,9597.09,9822.82,155498736,18155434,-
4/26/2019,9852.94,9780.82,-126.8,-1.28%,9774.75,9927.74,140623008,17101140,-
4/25/2019,10186.23,9907.63,-328.64,-3.21%,9902.02,10209.14,172782496,19844720,-
4/24/2019,10162.38,10236.27,111.61,1.10%,10023.91,10239.37,161337008,18335400,-
4/23/2019,10206.02,10124.66,-99.65,-0.97%,10091.92,10247.39,159027328,19019002,-
4/22/2019,10418.71,10224.31,-193.93,-1.86%,10192.52,10418.71,174505152,21313610,-
4/19/2019,10280.34,10418.24,130.58,1.27%,10208.61,10418.24,156736240,18410500,-
4/18/2019,10338.5,10287.67,-56.76,-0.55%,10267.31,10363.85,157254080,18993456,-
4/17/2019,10288.45,10344.43,56.79,0.55%,10257.56,10410.65,188286336,23265194,-
4/16/2019,9993.25,10287.64,233.88,2.33%,9928.28,10287.64,175490112,21689228,-
4/15/2019,10294.83,10053.76,-78.58,-0.78%,10048.83,10365.31,168056384,20801490,-
4/12/2019,10138.09,10132.34,-26.06,-0.26%,10053.81,10186.47,143352896,17060492,-
4/11/2019,10420.65,10158.4,-276.68,-2.65%,10149.38,10437.45,179458640,22397328,-
4/10/2019,10403.24,10435.08,-1.54,-0.01%,10328.61,10529.74,206529824,26214134,-
4/9/2019,10368.03,10436.62,84.75,0.82%,10304.73,10438.99,189906528,22952452,-
4/8/2019,10510.43,10351.87,-63.93,-0.61%,10226.25,10541.18,248065296,28957194,-
4/4/2019,10379.2,10415.8,75.29,0.73%,10309.53,10453.5,222844864,26528364,-
4/3/2019,10199.97,10340.51,80.15,0.78%,10166.67,10350.57,210395664,24071390,-
4/2/2019,10314.79,10260.36,-7.34,-0.07%,10220.81,10334.96,249924112,29328166,-
4/1/2019,9976.98,10267.7,360.84,3.64%,9976.98,10277.55,253496400,30327214,-
3/29/2019,9556.3,9906.86,360.35,3.77%,9554.07,9906.86,202730480,24309880,-
3/28/2019,9586.38,9546.51,-62.92,-0.65%,9537.61,9695.52,154111216,18355640,-
3/27/2019,9582.03,9609.44,96.44,1.01%,9446.35,9609.43,161625280,18345598,-
3/26/2019,9753.17,9513,-188.7,-1.94%,9487.1,9780.08,195572960,20841270,-
3/25/2019,9705.02,9701.7,-177.52,-1.80%,9680.94,9858.08,205824672,22104716,-
3/22/2019,9871.99,9879.22,9.42,0.10%,9692.25,9891.83,203071344,21603518,-
3/21/2019,9808.74,9869.8,69.2,0.71%,9771.86,9934.86,234325968,24162990,-
3/20/2019,9828.07,9800.6,-39.14,-0.40%,9642.67,9848.77,204139232,22003732,-
3/19/2019,9844.46,9839.74,-3.69,-0.04%,9774.75,9908.17,193538688,21696010,-
3/18/2019,9583.45,9843.43,292.89,3.07%,9510.66,9843.43,199861120,23361078,-
3/15/2019,9485.33,9550.54,132.61,1.41%,9452.91,9650.54,180165392,20539812,-
3/14/2019,9521.62,9417.93,-174.12,-1.82%,9323.06,9620.46,213640400,23310558,-
3/13/2019,9828.15,9592.06,-249.18,-2.53%,9534.33,9828.15,269256512,29628780,-
3/12/2019,9766.5,9841.24,136.91,1.41%,9683.07,9928.2,304022976,33665820,-
3/11/2019,9425.8,9704.33,340.61,3.64%,9370.38,9704.33,263359696,28600920,-
3/8/2019,9447.6,9363.72,-314.39,-3.25%,9346.73,9726.3,342990464,35143384,-
3/7/2019,9685.3,9678.11,-22.38,-0.23%,9546.55,9782.22,313274912,32582192,-
3/6/2019,9640.95,9700.49,104.75,1.09%,9518.71,9707.92,323237696,31837838,-
3/5/2019,9366.77,9595.74,211.32,2.25%,9328,9595.74,256584912,26525754,-
3/4/2019,9280.65,9384.42,216.77,2.36%,9260.73,9567.15,295549920,31583902,-
3/1/2019,9111.96,9167.65,135.72,1.50%,9005.49,9167.65,189705952,19339838,-
2/28/2019,9001.18,9031.93,26.16,0.29%,8970.65,9097.4,188171104,18668992,-
2/27/2019,9062.96,9005.77,-83.27,-0.92%,8901.72,9158.2,258643760,25156688,-
2/26/2019,9162.92,9089.04,-45.54,-0.50%,9036.75,9276.45,342700928,33407628,-
2/25/2019,8804.97,9134.58,483.38,5.59%,8785.42,9134.58,315605376,31929150,-
2/22/2019,8431.56,8651.2,199.49,2.36%,8393.86,8651.2,195792672,18742722,-
2/21/2019,8467.15,8451.71,-21.72,-0.26%,8416.17,8619.62,198616048,18730126,-
2/20/2019,8443.98,8473.43,32.56,0.39%,8372.96,8488.47,168289632,15013503,-
2/19/2019,8480.76,8440.87,-6.05,-0.07%,8350.86,8537.35,203979872,18604190,-
2/18/2019,8187.89,8446.92,321.28,3.95%,8187.89,8446.92,194363184,17286600,-
2/15/2019,8198.45,8125.64,-94.32,-1.15%,8117.51,8223.64,153803744,13496230,-
2/14/2019,8182.32,8219.96,48.75,0.60%,8141.1,8260.33,159692416,13561352,-
2/13/2019,8029.97,8171.21,161.14,2.01%,8016.78,8191.98,159283952,15042435,-
2/12/2019,7915.06,8010.08,91.03,1.15%,7903.9,8027.63,131745056,11603653,-
2/11/2019,7695.17,7919.05,235.05,3.06%,7695.17,7922.54,104994256,10675456,-
2/1/2019,7524.67,7684,204.78,2.74%,7517.83,7684.11,89480520,8838527,-
1/31/2019,7485.79,7479.22,8.75,0.12%,7428.86,7552.56,89861448,8497673,-
1/30/2019,7518.03,7470.47,-80.83,-1.07%,7470.36,7580.22,70157960,7102702.5,-
1/29/2019,7575.43,7551.3,-38.28,-0.50%,7428.4,7578.13,88122016,8312254.5,-
1/28/2019,7641.29,7589.58,-5.87,-0.08%,7569.77,7704.85,84189408,8617314,-
1/25/2019,7581.29,7595.45,21.92,0.29%,7554.55,7657.03,89048496,8732749,-
1/24/2019,7537.5,7573.53,49.76,0.66%,7485.24,7604.99,82000200,7852151,-
1/23/2019,7493.07,7523.77,6.98,0.09%,7489.32,7542.65,65041596,6068972.5,-
1/22/2019,7615.8,7516.79,-109.44,-1.44%,7493.78,7615.8,77588640,7295641,-
1/21/2019,7591.19,7626.24,44.85,0.59%,7578.49,7661.62,90369928,8984397,-
1/18/2019,7486.95,7581.39,111.04,1.49%,7479.66,7584.76,96383240,8731960,-
1/17/2019,7534.04,7470.36,-70.09,-0.93%,7463.99,7545.81,85122056,7573133.5,-
1/16/2019,7545.35,7540.45,-6.9,-0.09%,7518.71,7586.66,89083168,8349026.5,-
1/15/2019,7403.79,7547.35,138.15,1.86%,7386.15,7549.66,90646632,8716628,-
1/2/2019,7259.49,7149.27,-90.52,-1.25%,7136.95,7266.47,62816132,6375603.5,-
12/28/2018,7229.87,7239.79,24.45,0.34%,7174.9,7282.5,67351216,6268166.5,-
12/27/2018,7402.6,7215.34,-74.21,-1.02%,7215.34,7415.92,74024504,6846087.5,-
12/26/2018,7323.99,7289.55,-42.8,-0.58%,7277.56,7369.84,60792500,5520955.5,-
12/24/2018,7315.27,7392.56,54.96,0.75%,7293.15,7393.71,57685820,5690368.5,-
12/21/2018,7399.15,7337.6,-88.84,-1.20%,7283.76,7405.27,72267056,6780225.5,-
12/20/2018,7402.2,7426.44,7.75,0.10%,7363.77,7445.05,61708788,5953000.5,-
12/19/2018,7541.5,7418.69,-111.64,-1.48%,7407.46,7548.72,56770612,5695058.5,-
12/18/2018,7540.96,7530.33,-62.32,-0.82%,7473.45,7609.4,63314252,6125311,-
12/17/2018,7599.01,7592.65,-37,-0.48%,7515.46,7618.68,65340868,6482430,-
12/13/2018,7717.47,7808.04,110.02,1.43%,7679.02,7849.66,81721720,8544216,-
12/12/2018,7721.82,7698.02,12.62,0.16%,7675.26,7737.24,60194464,5989091,-
12/11/2018,7642.16,7685.4,60.54,0.79%,7628.15,7685.4,61499976,6140936,-
12/10/2018,7663.26,7624.86,-109.03,-1.41%,7606,7698.53,68603512,6932218.5,-
12/7/2018,7741.73,7733.89,-1.16,-0.01%,7712.27,7765.14,63410420,6651195.5,-
12/6/2018,7854.59,7735.05,-193.46,-2.44%,7725.99,7872.44,84069424,8918507,-
12/5/2018,7825.12,7928.51,-25.21,-0.32%,7808.74,7972.98,89759416,8976203,-
12/4/2018,7916.55,7953.72,15.25,0.19%,7890.66,7954.31,86559456,8381375.5,-
12/3/2018,7901.83,7938.47,256.72,3.34%,7835.23,7968.09,120577056,12479721,-
11/30/2018,7583.84,7681.75,84.74,1.12%,7537.92,7688.88,77225320,7386747.5,-
11/29/2018,7800.57,7597.01,-160.06,-2.06%,7597.01,7820.45,91021488,8575294,-
11/28/2018,7633.37,7757.07,121.91,1.60%,7572.65,7757.07,91690320,8050170.5,-
11/27/2018,7657.8,7635.16,19.25,0.25%,7589,7682.76,69468064,6563494,-
11/26/2018,7627.4,7615.91,-20.8,-0.27%,7586.6,7682.2,70697120,6444102,-
11/23/2018,7882.85,7636.71,-257.28,-3.26%,7616.47,7889.13,107115424,9366929,-
11/22/2018,7929.79,7893.99,-14.48,-0.18%,7857.81,7950.97,88248544,7689919.5,-
11/21/2018,7786.78,7908.47,28.95,0.37%,7776.56,7919.07,101484944,9119500,-
11/20/2018,8031.36,7879.52,-229.32,-2.83%,7870.41,8054.25,124678192,11544661,-
11/19/2018,8050.55,8108.85,46.56,0.58%,8014.57,8108.85,127324240,11455336,-
11/16/2018,8003.47,8062.29,60.2,0.75%,7959.14,8116.73,137745760,12837265,-
11/15/2018,7889.92,8002.1,93.55,1.18%,7884.34,8002.1,115296096,10047692,-
11/14/2018,7942.08,7908.55,-55.11,-0.69%,7894.21,7990.44,127628176,10384948,-
11/13/2018,7733.11,7963.66,131.37,1.68%,7718.68,8008.11,155996112,12835430,-
11/12/2018,7634.82,7832.29,183.74,2.40%,7622.47,7832.82,107253144,9473923,-
11/9/2018,7650.17,7648.55,-49.47,-0.64%,7626.17,7705.26,82840872,7313514.5,-
11/8/2018,7813.63,7698.02,-54.02,-0.70%,7692.34,7823.6,84506208,7790908,-
11/7/2018,7783.13,7752.04,-39.2,-0.50%,7745.39,7871.17,96677488,9268670,-
11/6/2018,7807.08,7791.25,-47.83,-0.61%,7701.51,7807.08,88632496,8298055.5,-
11/5/2018,7831.83,7839.08,-28.46,-0.36%,7733.14,7895.54,113076872,11090544,-
11/2/2018,7763.49,7867.54,299.74,3.96%,7709.44,7867.54,130481688,13564987,-
11/1/2018,7568.2,7567.8,84.97,1.14%,7558.4,7689.57,113544912,11028007,-
10/31/2018,7385.98,7482.83,107.6,1.46%,7373.75,7526.6,88216912,8187244.5,-
10/30/2018,7271.96,7375.23,52.99,0.72%,7189.35,7451.66,94668912,8906675,-
10/29/2018,7449.64,7322.24,-182.48,-2.43%,7290.82,7450.38,74286336,7447579,-
10/26/2018,7582.77,7504.72,-24.69,-0.33%,7476.13,7621.38,87348984,7839732.5,-
10/25/2018,7334.52,7529.41,-15.7,-0.21%,7305.77,7543.1,89815912,8131366,-
10/24/2018,7531.6,7545.11,-29.88,-0.39%,7484.63,7653.24,84726296,8103051.5,-
10/23/2018,7752.18,7574.99,-173.83,-2.24%,7523.07,7769.52,101597376,9946107,-
10/22/2018,7464.92,7748.82,361.08,4.89%,7464.92,7816.82,126471104,12470118,-
10/19/2018,7097.04,7387.74,200.25,2.79%,7084.44,7390.92,90794080,8649842,-
10/18/2018,7309,7187.49,-177.72,-2.41%,7182.39,7316.19,74190288,6537269,-
10/17/2018,7390.69,7365.21,66.23,0.91%,7206.34,7419.21,81159912,7248287.5,-
10/16/2018,7444.94,7298.98,-145.5,-1.95%,7263.29,7493.15,72989944,6559820,-
10/15/2018,7571.71,7444.48,-113.8,-1.51%,7430.96,7622.03,72557008,6789898,-
10/12/2018,7484.86,7558.28,34.19,0.45%,7331.81,7595.93,98494352,8747442,-
10/11/2018,7753.03,7524.09,-486.6,-6.07%,7481.9,7803.29,112008120,10043731,-
10/10/2018,8062.46,8010.69,-35.7,-0.44%,7952.13,8090.22,61492300,6396646,-
10/9/2018,8083.23,8046.39,-14.44,-0.18%,8013.19,8132.15,59055564,6305616,-
10/8/2018,8225.84,8060.83,-340.26,-4.05%,8055.98,8249.39,77444208,8167115,-
9/28/2018,8351.63,8401.09,66.34,0.80%,8317.48,8405.99,68092496,7218525,-
9/27/2018,8411.18,8334.75,-85.79,-1.02%,8331.78,8434.87,78037144,7869970,-
9/26/2018,8369.52,8420.54,67.16,0.80%,8344.72,8485.68,83259912,8814612,-
9/25/2018,8336.75,8353.38,-55.8,-0.66%,8311.93,8390.65,63992308,6777528,-
9/21/2018,8258.02,8409.18,175.29,2.13%,8216.68,8419.47,87938536,9146135,-
9/20/2018,8241.7,8233.89,-14.23,-0.17%,8218.38,8295.13,70923088,6965057,-
9/19/2018,8111.24,8248.12,114.9,1.41%,8097.23,8313.62,88981904,9534385,-
9/18/2018,7970.45,8133.22,133.87,1.67%,7958.52,8133.9,71208776,7321350,-
9/17/2018,8068.06,7999.35,-114.53,-1.41%,7977.44,8074.79,63637168,6069869,-
9/14/2018,8173.56,8113.88,-49.88,-0.61%,8090.4,8180.7,73532040,7537740,-
9/13/2018,8196.21,8163.76,52.6,0.65%,8038.12,8227.2,74034952,8116493.5,-
9/12/2018,8162.17,8111.16,-56.94,-0.70%,8095.01,8196.86,57280568,6628847,-
9/11/2018,8155.95,8168.1,9.61,0.12%,8112,8216.62,61870348,6499493.5,-
9/10/2018,8310.46,8158.49,-163.87,-1.97%,8155.35,8311.92,71019392,7659191.5,-
9/7/2018,8344.57,8322.36,-1.8,-0.02%,8270.4,8462.39,73396304,8550168,-
9/6/2018,8369.3,8324.16,-78.35,-0.93%,8295.48,8450.89,65487336,7736813,-
9/5/2018,8519.57,8402.51,-151.93,-1.78%,8402.51,8536.84,78875368,7978505,-
9/4/2018,8454.14,8554.44,98.89,1.17%,8420.88,8573.2,78584496,8588861,-
9/3/2018,8440.95,8455.55,-9.92,-0.12%,8344.93,8459.95,72134264,7713817.5,-
8/31/2018,8509.27,8465.47,-87.33,-1.02%,8425.35,8536.06,66159696,7419030.5,-
8/30/2018,8666.9,8552.8,-125.46,-1.45%,8543.79,8701.04,76351168,8024107.5,-
8/29/2018,8716.82,8678.26,-55.49,-0.64%,8649.73,8724.81,74668904,7848147.5,-
8/28/2018,8731.64,8733.75,5.19,0.06%,8693.52,8758.71,74631984,8922090,-
8/27/2018,8511.37,8728.56,243.82,2.87%,8511.37,8728.56,85603840,10062683,-
8/24/2018,8480.22,8484.74,-16.65,-0.20%,8438.08,8544.25,61305424,6982831.5,-
8/23/2018,8446.98,8501.39,46.64,0.55%,8411.74,8543.42,66116424,7771055.5,-
8/22/2018,8533.43,8454.75,-94.31,-1.10%,8440.58,8533.43,56757756,6509614.5,-
8/21/2018,8419.79,8549.06,134.91,1.60%,8396.58,8561.79,71300960,8697412,-
8/20/2018,8355,8414.15,57.11,0.68%,8241.14,8414.15,71368120,8301746.5,-
8/17/2018,8573.57,8357.04,-143.38,-1.69%,8341.11,8597.79,68651104,7988607.5,-
8/16/2018,8470.91,8500.42,-80.76,-0.94%,8408,8628.92,70892624,8126543.5,-
8/15/2018,8786.35,8581.18,-203.72,-2.32%,8567.23,8786.35,71337512,8106588.5,-
8/14/2018,8832.27,8784.9,-59.96,-0.68%,8752.76,8843.57,64061404,7689475,-
8/13/2018,8712.12,8844.86,31.37,0.36%,8676.21,8855.62,75170856,9265487,-
8/10/2018,8752.94,8813.49,61.29,0.70%,8742.4,8839.29,70223480,8589353,-
8/9/2018,8475.79,8752.2,252.98,2.98%,8460.43,8797.58,93519952,10572598,-
8/8/2018,8654.55,8499.22,-174.8,-2.02%,8498.21,8665.39,72261232,8225565,-
8/7/2018,8453.55,8674.03,251.19,2.98%,8379.7,8674.03,77875472,9071448,-
8/6/2018,8582.43,8422.84,-179.28,-2.08%,8374.4,8638.37,70395112,8444137,-
8/3/2018,8767.56,8602.12,-178.44,-2.03%,8602.12,8807.95,67245736,8299114.5,-
8/2/2018,8971.71,8780.56,-224.81,-2.50%,8613.84,8971.71,98666608,11293368,-
8/1/2018,9205.75,9005.37,-173.41,-1.89%,9005.37,9235.74,80558520,9381212,-
7/31/2018,9168.83,9178.78,-3.16,-0.03%,9132.08,9216.73,64495236,7734057.5,-
7/30/2018,9289.36,9181.94,-113.99,-1.23%,9139.74,9309.44,74827296,8810808,-
7/27/2018,9344.75,9295.93,-56.32,-0.60%,9270.36,9363.17,74742112,8215485.5,-
7/26/2018,9467.57,9352.25,-111.51,-1.18%,9331.45,9488.39,95594424,10607505,-
7/25/2018,9475.72,9463.76,-2.04,-0.02%,9436.99,9514.94,99638200,11905511,-
7/24/2018,9316.65,9465.8,151.5,1.63%,9313.17,9491.24,122933648,14740193,-
7/23/2018,9188.47,9314.3,62.82,0.68%,9160.05,9314.3,98863544,12122957,-
7/20/2018,9141.51,9251.48,102.7,1.12%,9055.86,9277.95,84119472,10190592,-
7/19/2018,9214.9,9148.78,-46.46,-0.51%,9116.45,9266.93,69119808,8488527,-
7/18/2018,9293.2,9195.24,-89.92,-0.97%,9195.24,9335.09,74758576,9287229,-
7/17/2018,9307.66,9285.16,-32.2,-0.35%,9175.66,9307.66,69144760,8838553,-
7/16/2018,9322.97,9317.36,-9.61,-0.10%,9278.07,9366.21,74503392,9323853,-
7/13/2018,9288.47,9326.97,53.36,0.58%,9270.2,9344.65,84003800,10439244,-
7/12/2018,9019.96,9273.61,249.79,2.77%,9019.96,9312.38,102197216,11904436,-
7/11/2018,9024.72,9023.82,-181.61,-1.97%,8916.98,9092.88,77079840,9315063,-
7/10/2018,9176.29,9205.43,44.81,0.49%,9123.22,9213.87,70147136,8877335,-
7/9/2018,8954.31,9160.62,249.28,2.80%,8954.31,9160.62,74216200,9571036,-
7/6/2018,8873.9,8911.34,49.16,0.55%,8736.36,9035.45,86367520,10415609,-
7/5/2018,9036.12,8862.18,-173.31,-1.92%,8844.67,9096.54,73187568,8769977,-
7/4/2018,9182.96,9035.49,-186.05,-2.02%,9008.09,9200.27,76606904,9414278,-
7/3/2018,9184.31,9221.54,41.74,0.45%,8945.42,9233.02,87942192,11525881,-
7/2/2018,9369.24,9179.8,-199.68,-2.13%,9107.55,9393.1,76742112,10039667,-
6/29/2018,9100.6,9379.48,307.75,3.39%,9078.24,9381.03,79882744,9430487,-
6/28/2018,9130.52,9071.73,-96.93,-1.06%,9065.2,9230.89,68021496,8045357.5,-
6/27/2018,9338.01,9168.66,-170.71,-1.83%,9139.82,9378.08,69651720,8542397,-
6/26/2018,9201,9339.37,14.54,0.16%,9175.39,9364.51,75533680,8853417,-
6/25/2018,9472.91,9324.83,-85.12,-0.90%,9320.66,9494.44,69893808,8555883,-
6/22/2018,9247.02,9409.95,93.27,1.00%,9172.3,9416.09,69428352,7709531.5,-
6/21/2018,9493.5,9316.68,-184.66,-1.94%,9313.09,9573.49,81025784,9369258,-
6/20/2018,9367.74,9501.34,86.58,0.92%,9310.19,9549.53,77547640,9160850,-
6/19/2018,9775.97,9414.76,-528.37,-5.31%,9336.7,9815.01,107975464,12155381,-
6/15/2018,10077.43,9943.13,-141.05,-1.40%,9902.63,10108.53,72228800,8828231,-
6/14/2018,10124.76,10084.18,-77.47,-0.76%,10054.37,10213.79,58702304,7721224,-
6/13/2018,10280.08,10161.65,-153.63,-1.49%,10161.39,10288,62892212,8354150,-
6/12/2018,10187.31,10315.28,139.93,1.38%,10124.98,10323,64425876,9169396,-
6/11/2018,10191.31,10175.35,-30.17,-0.30%,10141.27,10242.76,58297732,8201076.5,-
6/8/2018,10290.63,10205.52,-108.33,-1.05%,10136.58,10291.89,68526944,8940116,-
6/7/2018,10397.65,10313.85,-51.28,-0.49%,10308.06,10411.56,64357324,8593853,-
6/6/2018,10375.26,10365.13,-20.48,-0.20%,10337.71,10403.93,64454184,8983196,-
6/5/2018,10216.63,10385.61,181.29,1.78%,10216.02,10385.61,72006960,10086375,-
6/4/2018,10192.04,10204.32,34.97,0.34%,10148.69,10237.6,68851608,9613141,-
6/1/2018,10247.16,10169.35,-126.38,-1.23%,10122.99,10280.74,71683336,9510602,-
5/31/2018,10178.96,10295.73,189.94,1.88%,10115.66,10295.73,82625048,11080493,-
5/30/2018,10203.66,10105.8,-243.26,-2.35%,10097.48,10252.15,90345496,11477690,-
5/29/2018,10446.99,10349.07,-116.47,-1.11%,10347.94,10517.14,73511960,10358845,-
5/28/2018,10439.65,10465.54,17.32,0.17%,10382.72,10536.57,75035344,10302072,-
5/25/2018,10550.63,10448.23,-115.9,-1.10%,10435.95,10576.81,77834320,10415652,-
5/24/2018,10632.5,10564.13,-66.99,-0.63%,10552.35,10657.45,70573336,9990447,-
5/23/2018,10746.82,10631.12,-134.68,-1.25%,10631.12,10746.82,80879424,11191411,-
5/22/2018,10754.7,10765.81,0.46,0.00%,10689.51,10765.8,74771776,10569672,-
5/21/2018,10741.19,10765.35,92.83,0.87%,10731.61,10789.76,87440456,12199707,-
5/18/2018,10623.91,10672.52,37.02,0.35%,10557.75,10679.51,69089384,9635289,-
5/17/2018,10702.07,10635.5,-65.82,-0.62%,10615.92,10713.71,64552428,9293264,-
5/16/2018,10713.59,10701.32,-46.67,-0.43%,10691.14,10776.43,74351808,10766647,-
5/15/2018,10692.82,10747.99,76.53,0.72%,10632.55,10747.99,75523192,10584184,-
5/14/2018,10649.11,10671.46,37.16,0.35%,10641.29,10723.79,82650272,12073718,-
5/11/2018,10748.89,10634.3,-95.47,-0.89%,10634.23,10752.83,80387104,11383823,-
5/10/2018,10706.73,10729.77,40.7,0.38%,10651.87,10742.64,76197664,10896528,-
5/9/2018,10693.21,10689.07,-18.73,-0.17%,10639.92,10705.15,68833096,9757725,-
5/8/2018,10632.11,10707.8,81.29,0.76%,10630.58,10721.98,85200080,12496427,-
5/7/2018,10456.43,10626.51,200.32,1.92%,10450.49,10626.51,81889384,12219540,-
5/4/2018,10428.85,10426.19,-32.43,-0.31%,10411.83,10490.06,70070320,10262055,-
5/3/2018,10329.16,10458.62,115.77,1.12%,10228.26,10459.38,91258584,12184557,-
5/2/2018,10356.19,10342.85,18.38,0.18%,10283.52,10433.28,77284504,11100579,-
4/27/2018,10353.02,10324.47,32.35,0.31%,10239.97,10382.77,82734536,12325044,-
4/26/2018,10495.03,10292.12,-254.98,-2.42%,10290.37,10508.01,91538840,13337107,-
4/25/2018,10503.94,10547.1,-9.72,-0.09%,10488.87,10579.18,86879296,12153689,-
4/24/2018,10325.51,10556.82,226.19,2.19%,10325.51,10556.82,97559808,13249126,-
4/23/2018,10416.78,10330.63,-78.28,-0.75%,10228.09,10471.21,94865488,12589622,-
4/20/2018,10571.99,10408.91,-189.44,-1.79%,10392.69,10619.17,97119424,13221431,-
4/19/2018,10502.36,10598.35,107.2,1.02%,10485.41,10646.7,101039392,14335831,-
4/18/2018,10477.52,10491.15,95.99,0.92%,10249.87,10514.74,110977720,15202707,-
4/17/2018,10636.88,10395.16,-226.63,-2.13%,10390.05,10669.15,95403800,13518631,-
4/16/2018,10660.69,10621.79,-65.23,-0.61%,10540.69,10704.39,94994168,13094983,-
4/13/2018,10789.77,10687.02,-39.94,-0.37%,10670.65,10825.67,72453768,10267786,-
4/12/2018,10797.35,10726.96,-81.41,-0.75%,10720.83,10825.66,75282680,10503031,-
4/11/2018,10796.5,10808.37,42.76,0.40%,10786.84,10856.44,89914360,12669944,-
4/10/2018,10671.68,10765.62,112.24,1.05%,10628.24,10765.62,92275600,12888835,-
4/9/2018,10655.07,10653.38,-31.18,-0.29%,10571.16,10725.11,85326408,12162062,-
4/4/2018,10778.86,10684.56,-69.73,-0.65%,10678.94,10829.82,88993936,13217881,-
4/3/2018,10718.43,10754.29,-98.66,-0.91%,10667.33,10783.93,100237544,14344176,-
4/2/2018,10887.47,10852.95,-15.7,-0.14%,10835.71,10950.22,116543408,17638536,-
3/30/2018,10776.71,10868.66,112.74,1.05%,10766.53,10883.05,99694568,14966661,-
3/29/2018,10676.56,10755.92,125.23,1.18%,10564.29,10778.8,95818216,13792330,-
3/28/2018,10633.7,10630.69,-145.02,-1.35%,10613.06,10768.48,99481664,14781458,-
3/27/2018,10683.16,10775.71,211.34,2.00%,10675.5,10799.37,114134232,16551659,-
3/26/2018,10303.75,10564.38,124.39,1.19%,10217.22,10564.38,101878672,13669555,-
3/23/2018,10511.16,10439.99,-437.26,-4.02%,10256.5,10664.93,148411344,18283558,-
3/22/2018,10988.83,10877.25,-103.3,-0.94%,10858.45,11035.58,82653152,11585663,-
3/21/2018,11100.91,10980.55,-97.25,-0.88%,10973.58,11170.56,94144608,13087321,-
3/20/2018,10982.73,11077.8,9.31,0.08%,10951.99,11082.03,80327584,11286474,-
3/19/2018,11046.03,11068.49,17.37,0.16%,10994.68,11120.75,80585800,11522708,-
3/16/2018,11166.43,11051.12,-112.53,-1.01%,11051.12,11192.36,81678704,11777087,-
3/15/2018,11100.53,11163.65,24.02,0.22%,11051.62,11195.94,90255352,12807066,-
3/14/2018,11198.77,11139.63,-101.78,-0.91%,11138.39,11242.3,93934472,13351464,-
3/13/2018,11311.04,11241.41,-84.86,-0.75%,11236.38,11335.3,108874096,15064782,-
3/12/2018,11266.32,11326.27,131.36,1.17%,11260.46,11328.77,134133952,19249354,-
3/9/2018,11040.37,11194.91,175.83,1.60%,11030.55,11203.72,120272992,16174558,-
3/8/2018,10902.35,11019.08,114.09,1.05%,10892.18,11019.08,83246376,11629072,-
3/7/2018,10993.95,10904.99,-102.96,-0.94%,10897.58,11031.48,91848016,12345999,-
3/6/2018,10909.28,11007.95,132.27,1.22%,10873.84,11007.95,112230000,15383316,-
3/5/2018,10882.87,10875.68,19.43,0.18%,10813.46,10913.03,80019488,11420785,-
3/2/2018,10857.87,10856.25,-86.88,-0.79%,10840.01,10947.39,91565928,13064456,-
3/1/2018,10754.62,10943.13,114.4,1.06%,10732.93,10943.13,97848128,14041915,-
2/28/2018,10705.81,10828.73,21.2,0.20%,10656.36,10875.71,100884640,14501629,-
2/27/2018,10898.29,10807.54,-88.02,-0.81%,10791.95,10915.36,103968704,14879505,-
2/26/2018,10731.31,10895.56,232.77,2.18%,10670.17,10920.21,111841056,15135749,-
2/23/2018,10667.81,10662.79,3.85,0.04%,10578.79,10700.11,75885776,10163169,-
2/22/2018,10547.81,10658.94,227.03,2.18%,10526.98,10667.8,78393744,10398247,-
2/14/2018,10381.16,10431.91,69.48,0.67%,10319.15,10433.09,53414724,7094089.5,-
2/13/2018,10367.68,10362.43,70.55,0.69%,10350.17,10486.81,77232928,10426008,-
2/12/2018,10059.86,10291.88,290.65,2.91%,10059.86,10325.68,81027816,10879415,-
2/9/2018,10096.46,10001.23,-371.36,-3.58%,9868.83,10172.78,113534440,14122190,-
2/8/2018,10219.39,10372.59,125.62,1.23%,10219.21,10411.2,86175792,11671630,-
2/7/2018,10563.31,10246.97,-130.64,-1.26%,10173.66,10599.54,112730224,15017935,-
2/6/2018,10603.54,10377.61,-458.64,-4.23%,10377.61,10685.16,117863712,15630511,-
2/5/2018,10761.08,10836.25,-88.91,-0.81%,10741.85,10873.24,91115088,12791493,-
2/2/2018,10794.13,10925.16,60.82,0.56%,10663.54,10933.16,106989568,13784516,-
2/1/2018,11145.41,10864.34,-295.34,-2.65%,10836.35,11171.36,129168568,16291111,-
1/31/2018,11210.06,11159.68,-119.1,-1.06%,11119.32,11244.18,107157536,14412726,-
1/30/2018,11319.97,11278.78,-73.94,-0.65%,11260.31,11370,93846016,13035090,-
1/29/2018,11547.68,11352.72,-205.1,-1.77%,11323.69,11556.65,122436120,17114802,-
1/26/2018,11524.7,11557.82,5.26,0.05%,11512.94,11605.13,100843048,14499688,-
1/25/2018,11588.38,11552.56,-55.01,-0.47%,11548.68,11633.46,123896112,17410796,-
1/24/2018,11548.21,11607.57,52.32,0.45%,11456.26,11613.96,127843328,18006826,-
1/23/2018,11514.56,11555.26,42.18,0.37%,11493.74,11564.95,101583200,14352184,-
1/22/2018,11289.86,11513.08,216.81,1.92%,11273.69,11513.08,107756152,15693731,-
1/19/2018,11314.46,11296.27,-23.64,-0.21%,11276.57,11393.04,112007600,14783658,-
1/18/2018,11287.64,11319.91,15.94,0.14%,11279.42,11375.11,89563024,12569239,-
1/17/2018,11366.6,11303.97,-82.94,-0.73%,11185.92,11367.16,133193000,18370890,-
1/16/2018,11283.6,11386.91,79.45,0.70%,11283.29,11402.46,117030584,16616713,-
1/15/2018,11453.33,11307.46,-154.53,-1.35%,11277.31,11476.58,133224584,17973344,-
1/12/2018,11459.46,11461.99,-2.21,-0.02%,11420.26,11496.53,102230456,13463499,-
1/11/2018,11411.58,11464.2,27.12,0.24%,11372.36,11482.81,106515264,14446166,-
1/10/2018,11439.22,11437.08,-10.01,-0.09%,11345.1,11446.41,113766792,15179109,-
1/9/2018,11371.93,11447.09,64.37,0.57%,11358.13,11449.6,107944056,14202059,-
1/8/2018,11343.82,11382.72,39.87,0.35%,11287.6,11386.04,122767536,16512052,-
1/5/2018,11339.57,11342.85,1.5,0.01%,11310.29,11372.29,107700288,14618953,-
1/4/2018,11270.91,11341.35,61.05,0.54%,11259.46,11341.35,99226400,14558703,-
1/3/2018,11181.18,11280.3,102.25,0.91%,11171.12,11316.46,115487040,16463784,-
1/2/2018,11079.64,11178.05,137.6,1.25%,11072.87,11178.05,97939744,13362061,-
12/29/2017,10984.86,11040.45,66.44,0.61%,10971.64,11040.62,76182816,10433321,-
12/28/2017,10907.83,10974.01,62.8,0.58%,10891.75,11029.08,89650504,11940743,-
12/27/2017,11007.44,10911.21,-110.62,-1.00%,10911.21,11026.73,86883208,11654750,-
12/26/2017,11002.34,11021.83,16.33,0.15%,10900.64,11025.1,75802824,9864888,-
12/25/2017,11102.16,11005.5,-88.66,-0.80%,10967.37,11132.59,81742568,11423905,-
12/22/2017,11112.73,11094.16,-24.09,-0.22%,11078.26,11154.75,69269712,10104174,-
12/21/2017,10988.77,11118.25,114.92,1.04%,10935.22,11149.04,85104904,12088878,-
12/20/2017,11072.41,11003.33,-71.66,-0.65%,10988.89,11079.13,74264264,10785799,-
12/19/2017,10964.14,11075,114.88,1.05%,10963.79,11077.18,71159600,10290409,-
12/18/2017,10991.11,10960.12,-38,-0.35%,10916.19,11046.1,71952904,10647228,-
12/15/2017,11092.15,10998.12,-112.06,-1.01%,10970.73,11104.82,87565856,12036737,-
12/14/2017,11138.46,11110.18,-33.71,-0.30%,11070.98,11165.61,79926560,11668444,-
12/13/2017,11030.01,11143.89,100.68,0.91%,11019.59,11143.89,73448336,10802500,-
12/12/2017,11145.75,11043.21,-100.05,-0.90%,11043.21,11176.58,82547568,12265193,-
12/11/2017,10962.18,11143.26,208.2,1.90%,10962.18,11143.26,89580216,13339906,-
12/8/2017,10789.17,10935.06,133.81,1.24%,10789.17,10964.79,79868440,11426269,-
12/7/2017,10886.26,10801.25,-110.08,-1.01%,10795.84,10925.2,73235160,10280062,-
12/6/2017,10838.04,10911.33,56.58,0.52%,10716.29,10911.33,89133024,12208320,-
12/5/2017,10988.07,10854.76,-159.79,-1.45%,10801.4,11044.18,97036664,13510723,-
12/4/2017,11007.19,11014.55,1.4,0.01%,10993.51,11099.83,87938152,12272782,-
12/1/2017,10941.87,11013.15,69.05,0.63%,10926.77,11077.43,81705760,11768189,-
11/30/2017,11036.75,10944.1,-138.03,-1.25%,10908.7,11079.93,81685592,11721669,-
11/29/2017,11095.91,11082.13,-9.01,-0.08%,10936.99,11108.45,98128928,13817581,-
11/28/2017,10938.4,11091.14,136.96,1.25%,10936.4,11091.14,84214080,11836876,-
11/27/2017,11126.78,10954.18,-214.21,-1.92%,10936.14,11126.78,100789952,13638368,-
11/24/2017,11135.07,11168.39,-7.08,-0.06%,11058.99,11225.2,93689320,13913050,-
11/23/2017,11520.04,11175.47,-385.33,-3.33%,11162.53,11520.04,117300048,17192128,-
11/22/2017,11598.04,11560.8,-41.3,-0.36%,11454.26,11666.13,119001344,17876246,-
11/21/2017,11419.09,11602.1,164.55,1.44%,11407.4,11602.1,122782696,18075102,-
11/20/2017,11229.58,11437.55,144.62,1.28%,11087.53,11437.55,104921416,15160523,-
11/17/2017,11519.92,11292.93,-245.03,-2.12%,11292.93,11555.87,129489192,18199140,-
11/16/2017,11442.85,11537.96,75.85,0.66%,11415.75,11549.08,103330608,15193873,-
11/15/2017,11548,11462.11,-120.82,-1.04%,11390.3,11583.97,99769408,15743487,-
11/14/2017,11689.93,11582.93,-112.07,-0.96%,11538.34,11700.73,122645800,18270134,-
11/13/2017,11657.63,11695,49.95,0.43%,11631.19,11714.98,119989408,18266886,-
11/10/2017,11540.55,11645.05,91.81,0.79%,11531.59,11659.66,113823600,16932830,-
11/9/2017,11443.54,11553.24,105.84,0.92%,11414.2,11553.24,103609336,14858533,-
11/8/2017,11460.15,11447.4,-20.57,-0.18%,11441.8,11563.82,120501912,17530186,-
11/7/2017,11374.09,11467.97,94.23,0.83%,11370.99,11467.97,111889368,15554259,-
11/6/2017,11218.04,11373.74,158.55,1.41%,11181.29,11373.74,103613040,14295341,-
11/3/2017,11287.55,11215.19,-77.23,-0.68%,11165.06,11334.68,102181240,13882745,-
11/2/2017,11336.48,11292.42,-57.9,-0.51%,11251.82,11337.01,100563384,13319533,-
11/1/2017,11370.52,11350.32,-17.3,-0.15%,11341.07,11424.48,87444912,12805965,-
10/31/2017,11293.34,11367.62,55.01,0.49%,11274.17,11368.19,84982208,12304515,-
10/30/2017,11446.79,11312.61,-131.91,-1.15%,11192.18,11472.28,124730176,16248648,-
10/27/2017,11456.57,11444.52,-16.76,-0.15%,11415.37,11484.91,95704896,12845210,-
10/26/2017,11430,11448.72,11.51,0.10%,11413.93,11509.02,87748472,12685346,-
10/25/2017,11330.75,11437.21,98.08,0.86%,11324.17,11437.21,87155936,11596549,-
10/24/2017,11289.01,11339.13,32.82,0.29%,11260.68,11339.13,79953264,11408563,-
10/23/2017,11239.69,11306.31,67.43,0.60%,11228.68,11306.31,78910424,10686452,-
10/20/2017,11154.93,11238.88,49.33,0.44%,11140.34,11238.88,72195368,10280175,-
10/19/2017,11275.31,11189.55,-93.2,-0.83%,11179.19,11290.72,96010032,12504125,-
10/18/2017,11277.54,11282.75,7.41,0.07%,11240.63,11323.26,93044800,12364427,-
10/17/2017,11254.41,11275.34,4.14,0.04%,11214.82,11318,82378304,11485929,-
10/16/2017,11401.87,11271.2,-127.89,-1.12%,11267.27,11422.93,124245648,16130630,-
10/13/2017,11312.27,11399.09,91.76,0.81%,11308.04,11400.05,96791248,13171926,-
10/12/2017,11309.36,11307.33,-5.17,-0.05%,11240.66,11337.12,95431232,13117052,-
10/11/2017,11319.46,11312.5,-17.01,-0.15%,11285.92,11344.59,112635576,16393976,-
10/10/2017,11260.77,11329.51,65.24,0.58%,11229.02,11329.51,111433608,15540498,-
10/9/2017,11248.35,11264.27,177.08,1.60%,11214.9,11305.46,122707136,17034230,-
9/29/2017,11042.72,11087.19,55.77,0.51%,11042.72,11121.44,98608096,13047461,-
9/28/2017,11029.47,11031.42,-5.36,-0.05%,11015.48,11072.56,97338744,12849238,-
9/27/2017,10951.96,11036.78,86.01,0.79%,10951.88,11063.13,89416288,12534710,-
9/26/2017,10915.66,10950.77,20.1,0.18%,10890.92,10951.14,86536408,11484878,-
9/25/2017,11054.26,10930.67,-139.15,-1.26%,10911.03,11056.66,92909920,13253913,-
9/22/2017,11067.11,11069.82,-28.52,-0.26%,11025.89,11085.43,95188856,13599137,-
9/20/2017,11083.85,11191.13,107.23,0.97%,11083.21,11191.13,114837352,16195378,-
9/19/2017,11160.42,11083.9,-69.63,-0.62%,11055.24,11181.18,110307184,15879543,-
9/18/2017,11062.43,11153.53,90.43,0.82%,11062.43,11154.75,109333144,15229061,-
9/15/2017,11058.1,11063.1,-7.39,-0.07%,11022.25,11105.02,119125368,16613014,-
9/14/2017,11091.97,11070.49,-21,-0.19%,11033.82,11124.54,119883768,16817926,-
9/13/2017,11040.11,11091.49,47.88,0.43%,11015.74,11091.49,110331640,16171986,-
9/12/2017,11063.85,11043.61,-10.12,-0.09%,11019.87,11131.95,157250560,23295634,-
9/11/2017,10979.72,11053.73,82.96,0.76%,10963.62,11053.73,114901032,17038466,-
9/8/2017,10961.7,10970.77,1.64,0.01%,10911.82,11011.11,103874520,15113021,-
9/7/2017,11030.6,10969.13,-55.46,-0.50%,10966.54,11059.47,126036520,18017786,-
9/6/2017,10959.31,11024.59,37.64,0.34%,10939.26,11036.89,124960368,17607516,-
9/5/2017,10958.2,10986.95,24.1,0.22%,10928.86,10995.53,117394832,15880960,-
9/4/2017,10882.13,10962.85,82.29,0.76%,10859.36,10969.57,133094408,17998526,-
9/1/2017,10822.49,10880.56,63.92,0.59%,10807.78,10880.56,124160920,16550461,-
8/31/2017,10823.31,10816.64,2.71,0.03%,10759.79,10837.39,97240688,13415385,-
8/30/2017,10762.24,10813.93,51.56,0.48%,10762.24,10825.89,102509576,13670485,-
8/29/2017,10796.54,10762.37,-47.37,-0.44%,10742.13,10818.22,104575648,14259098,-
8/28/2017,10678.35,10809.74,150.73,1.41%,10678.35,10866.36,127385712,18406188,-
8/25/2017,10556.54,10659.01,106.05,1.00%,10556.54,10671.71,88180664,12042299,-
8/24/2017,10617.74,10552.96,-66.38,-0.63%,10537.78,10627.34,75795608,10399194,-
8/23/2017,10642.22,10619.34,-34.64,-0.33%,10583.18,10662.83,85885200,11302865,-
8/22/2017,10689.65,10653.98,-35.79,-0.33%,10631.25,10699.05,97291632,13537520,-
8/21/2017,10624.81,10689.77,75.69,0.71%,10624.81,10689.77,97428032,12943461,-
8/18/2017,10586.35,10614.08,-39.65,-0.37%,10563.26,10636.15,96076776,12976427,-
8/17/2017,10601.65,10653.73,52.95,0.50%,10583.4,10658.16,115568424,15630582,-
8/16/2017,10550.42,10600.78,41,0.39%,10504.07,10625.34,115318896,15518723,-
8/15/2017,10527.54,10559.78,39.98,0.38%,10502.52,10559.78,99299048,13338925,-
8/14/2017,10308.97,10519.8,228.45,2.22%,10308.97,10519.8,109777800,14654336,-
8/11/2017,10407.33,10291.35,-189.29,-1.81%,10281.63,10459.91,121448960,14496134,-
8/10/2017,10525.15,10480.64,-63.95,-0.61%,10417.08,10582.16,114034664,14187110,-
8/9/2017,10487.77,10544.59,48.34,0.46%,10455.27,10548.06,116866912,13923770,-
8/8/2017,10448.87,10496.25,45.17,0.43%,10437.85,10516.61,123319376,14375200,-
8/7/2017,10353.15,10451.08,89.85,0.87%,10347.5,10451.08,100742304,11891407,-
8/4/2017,10426.53,10361.23,-74.94,-0.72%,10360.83,10450.69,128902408,15151815,-
8/3/2017,10454.01,10436.17,-33.17,-0.32%,10403.59,10507.23,121996768,15007829,-
8/2/2017,10526,10469.34,-56.01,-0.53%,10461.95,10557.47,133258376,16407360,-
8/1/2017,10496.71,10525.35,20.31,0.19%,10472.71,10529.9,124894528,15415358,-
7/31/2017,10438.23,10505.04,67.1,0.64%,10418.83,10517.33,131952280,16002354,-
7/28/2017,10381.31,10437.94,42.75,0.41%,10371.39,10456.41,108219272,13698960,-
7/27/2017,10284.92,10395.19,97.85,0.95%,10216.02,10416.55,130635816,16162937,-
7/26/2017,10365.61,10297.34,-55.87,-0.54%,10247.54,10380.7,106076080,12676718,-
7/25/2017,10398.25,10353.21,-51.01,-0.49%,10317.92,10421.21,95663000,11916395,-
7/24/2017,10352.85,10404.22,39.4,0.38%,10341.24,10414.07,101019384,12864650,-
7/21/2017,10354.54,10364.82,-2.16,-0.02%,10342.72,10406.25,92968920,12101795,-
7/20/2017,10288.89,10366.98,71.4,0.69%,10282.28,10392.06,110847192,14324079,-
7/19/2017,10079.68,10295.58,191.82,1.90%,10064.31,10296.29,121515616,14563425,-
7/18/2017,10012.91,10103.76,47.96,0.48%,9960.56,10103.76,91276288,11334006,-
7/17/2017,10383.22,10055.8,-371.99,-3.57%,10006.38,10384.05,127087208,15370841,-
7/14/2017,10445.57,10427.79,-38.31,-0.37%,10382.37,10452.94,83249256,10905385,-
7/13/2017,10444.78,10466.1,12.91,0.12%,10431.5,10491.39,87717184,11655316,-
7/12/2017,10465.87,10453.19,-14.52,-0.14%,10360.1,10494.25,96049632,12660530,-
7/11/2017,10488.89,10467.71,-37.89,-0.36%,10467.12,10568.37,96022920,13039674,-
7/10/2017,10542.55,10505.6,-58.12,-0.55%,10497.39,10574.21,111212568,13833786,-
7/7/2017,10526.78,10563.72,1.66,0.02%,10504.1,10564.31,98824384,12813912,-
7/6/2017,10547.51,10562.06,0.97,0.01%,10467.91,10574.11,104764456,14204274,-
7/5/2017,10443.03,10561.09,86.26,0.82%,10434.68,10561.09,87499888,12534598,-
7/4/2017,10527.77,10474.83,-60.22,-0.57%,10437.4,10527.77,86943424,12369085,-
7/3/2017,10531.73,10535.05,5.44,0.05%,10464.68,10541.86,86028248,11848608,-
6/30/2017,10475.22,10529.61,17.75,0.17%,10454.88,10537.5,74949744,9935644,-
6/29/2017,10460.38,10511.86,60.3,0.58%,10459.94,10523.52,78702432,10528132,-
6/28/2017,10507.05,10451.57,-83.79,-0.80%,10436.08,10517.94,77317000,10383708,-
6/27/2017,10532.57,10535.36,-2.23,-0.02%,10479.35,10548.8,80846256,10758988,-
6/26/2017,10377.22,10537.59,170.81,1.65%,10377.22,10537.59,99176192,13351769,-
6/23/2017,10249.79,10366.78,101.58,0.99%,10196.39,10366.78,84073136,11279173,-
6/22/2017,10361.34,10265.2,-101.97,-0.98%,10265.2,10418.61,92138488,12424984,-
6/21/2017,10327.13,10367.17,78.64,0.76%,10269.32,10367.17,77561864,10198239,-
6/20/2017,10281.57,10288.53,25.73,0.25%,10273.06,10323,79973312,10311478,-
6/19/2017,10191.98,10262.8,71.56,0.70%,10191.87,10262.8,65728368,8516124,-
6/16/2017,10212.98,10191.24,-30.45,-0.30%,10176.86,10233.8,68457536,8606897,-
6/15/2017,10140.08,10221.69,70.16,0.69%,10134.41,10225.05,78722840,10314309,-
6/14/2017,10208.84,10151.53,-73.29,-0.72%,10138.82,10226.15,73650168,9749158,-
6/13/2017,10104.71,10224.82,104.83,1.04%,10102.5,10237.4,73105216,9477054,-
6/12/2017,10144.12,10119.99,-57.46,-0.56%,10108.98,10197.1,72968168,9857977,-
6/9/2017,10147.02,10177.45,28.73,0.28%,10124.94,10182.61,71269880,9491832,-
6/8/2017,10104.59,10148.72,38.84,0.38%,10097.66,10162.48,77812848,10180237,-
6/7/2017,9915.18,10109.88,193.96,1.96%,9910.53,10117.06,88954872,11541363,-
6/6/2017,9834.54,9915.92,73.32,0.74%,9821.13,9915.92,53891544,7082297,-
6/5/2017,9799.81,9842.6,47.71,0.49%,9799.65,9866.34,58035176,7451257,-
6/2/2017,9708.72,9794.89,64.56,0.66%,9637.54,9811.58,64651288,7898137.5,-
6/1/2017,9833.83,9730.33,-134.52,-1.36%,9730.06,9854.55,70165240,8643389,-
5/31/2017,9944.12,9864.85,5.62,0.06%,9855.3,9976.64,74669768,9162369,-
5/26/2017,9871.68,9859.24,-34.54,-0.35%,9838.7,9913.48,72247688,9281436,-
5/25/2017,9792.09,9893.78,81.32,0.83%,9727.51,9917.81,83013016,10225430,-
5/24/2017,9722.04,9812.46,48.68,0.50%,9609.41,9812.46,65975864,8269237.5,-
5/23/2017,9878.38,9763.78,-135.86,-1.37%,9761.31,9914.5,80497440,10014785,-
5/22/2017,9958.29,9899.65,-71.31,-0.72%,9864.95,10014.94,72262272,9061310,-
5/19/2017,9978.5,9970.96,-3.39,-0.03%,9922.76,10005.71,63965388,8523501,-
5/18/2017,9955.86,9974.35,-55.76,-0.56%,9936.31,10045.68,70491248,9213649,-
5/17/2017,10030.36,10030.11,-16.55,-0.16%,10019.36,10091.47,91078864,11753596,-
5/16/2017,9819.71,10046.66,201.06,2.04%,9761.35,10046.66,90068840,11560079,-
5/15/2017,9812.38,9845.6,57.61,0.59%,9812.38,9866.07,61701820,7971641,-
5/12/2017,9755.87,9787.99,11.54,0.12%,9703.1,9794.99,63994844,7947210,-
5/11/2017,9704.88,9776.45,19.64,0.20%,9566.42,9776.51,82157984,9809800,-
5/10/2017,9875.74,9756.81,-128.53,-1.30%,9756.81,9945.61,74787352,9537536,-
5/9/2017,9794.81,9885.34,52.17,0.53%,9736.14,9887.15,64477676,8273527,-
5/8/2017,10000.95,9833.17,-191.27,-1.91%,9833.17,10018.57,82317776,9786845,-
5/5/2017,10119.54,10024.44,-123,-1.21%,10024.44,10132.92,77517816,9816519,-
5/4/2017,10164.81,10147.44,-36.7,-0.36%,10116.01,10241.54,79752416,10151171,-
5/3/2017,10208.6,10184.14,-39.83,-0.39%,10146.26,10244.35,76050368,9571647,-
5/2/2017,10205.66,10223.97,-10.68,-0.10%,10166.39,10228.7,77331648,9934861,-
4/28/2017,10208.13,10234.65,5.46,0.05%,10176.08,10235.23,80970232,10411581,-
4/27/2017,10174.25,10229.19,24.35,0.24%,10015.89,10244.08,96323584,12430288,-
4/26/2017,10162.72,10204.84,39.62,0.39%,10161.42,10251.7,84434424,11211022,-
4/25/2017,10106.9,10165.22,73.33,0.73%,10104.55,10213.49,74705024,9664582,-
4/24/2017,10285.04,10091.89,-222.46,-2.16%,10060.11,10285.04,76093672,9704584,-
4/21/2017,10357.86,10314.35,-44.74,-0.43%,10300.4,10407.78,71025872,9150492,-
4/20/2017,10346.99,10359.09,10.68,0.10%,10306.39,10411.75,84554472,11354006,-
4/19/2017,10377.28,10348.41,-63.03,-0.61%,10235,10393.73,92453376,11823512,-
4/18/2017,10449.01,10411.44,-39.42,-0.38%,10405.35,10522.85,87247872,11361632,-
4/17/2017,10483.96,10450.86,-69,-0.66%,10406.52,10505.63,88624032,11208275,-
4/14/2017,10662.25,10519.86,-134.22,-1.26%,10515.37,10662.53,111514832,13586053,-
4/13/2017,10578.58,10654.09,66.78,0.63%,10571.7,10678.78,109450208,13185058,-
4/12/2017,10643.49,10587.31,-68.48,-0.64%,10584.7,10667.6,139194752,16851040,-
4/11/2017,10601,10655.79,52.51,0.50%,10476.66,10662.5,137013712,18537790,-
4/10/2017,10663.86,10602.52,-66.96,-0.63%,10593.76,10664.1,121563928,15855559,-
4/7/2017,10652.4,10669.48,13.31,0.12%,10635.08,10702.88,104487632,13896892,-
4/6/2017,10649.84,10656.17,29.04,0.27%,10608.13,10661.77,88324056,12575645,-
4/5/2017,10496.78,10627.13,198.41,1.90%,10496.78,10628.6,95915160,13678942,-
3/31/2017,10351.33,10427.74,79.47,0.77%,10351.33,10427.89,62819468,9243970,-
3/30/2017,10505.39,10348.27,-172.55,-1.64%,10328.95,10513.88,85024192,11568268,-
3/29/2017,10573.12,10520.82,-42.46,-0.40%,10497.01,10585.88,78106272,11038241,-
3/28/2017,10580.16,10563.29,-18.63,-0.18%,10538.02,10606.09,65425796,9635339,-
3/27/2017,10643.45,10581.92,-64.8,-0.61%,10578.75,10660.23,74675304,11023321,-
3/24/2017,10584.09,10646.72,63.68,0.60%,10580.11,10666.12,83432016,11991555,-
3/23/2017,10558.34,10583.04,29.51,0.28%,10477.57,10607.73,76551128,11590122,-
3/22/2017,10535.67,10553.53,-33.09,-0.31%,10488.63,10586.48,78849480,11528040,-
3/21/2017,10527.41,10586.62,54.29,0.52%,10513.63,10586.62,66733380,10633584,-
3/20/2017,10512.89,10532.33,16.92,0.16%,10459.74,10534.11,69838832,10601923,-
3/17/2017,10632.04,10515.41,-109.01,-1.03%,10514.67,10650.46,87884184,12994677,-
3/16/2017,10573.77,10624.42,81.41,0.77%,10573.77,10628.18,85855856,12615419,-
3/15/2017,10515.59,10543.01,11.28,0.11%,10499.85,10551.71,69601896,10391616,-
3/14/2017,10561.5,10531.73,-28.15,-0.27%,10515.52,10577.48,72039832,11083849,-
3/13/2017,10450.65,10559.88,108.87,1.04%,10402.72,10559.88,76422168,11429164,-
3/10/2017,10415.38,10451.01,29.95,0.29%,10415.38,10476.59,61538236,9533192,-
3/9/2017,10484.28,10421.06,-77.25,-0.74%,10402.36,10484.68,67406824,9635217,-
3/8/2017,10549.99,10498.31,-53.83,-0.51%,10473.88,10549.99,63771816,9577945,-
3/7/2017,10527.83,10552.14,29.86,0.28%,10495.5,10552.14,75639968,11552814,-
3/6/2017,10406.23,10522.28,125.23,1.20%,10406.23,10522.28,78250216,11947148,-
3/3/2017,10339.89,10397.05,29.74,0.29%,10308.22,10404.87,69825712,10153171,-
3/2/2017,10429.98,10367.31,-51.31,-0.49%,10362,10443.87,72215632,9697432,-
3/1/2017,10387.63,10418.62,27.28,0.26%,10378.12,10446.38,75071440,10056464,-
2/28/2017,10354.87,10391.34,37.78,0.36%,10340.09,10402.28,64357288,8538110,-
2/27/2017,10443.3,10353.56,-90.17,-0.86%,10345.47,10447.68,74077832,9924662,-
2/24/2017,10423.64,10443.73,11.09,0.11%,10396.75,10446.5,76567544,10288310,-
2/23/2017,10439.83,10432.64,-11.74,-0.11%,10379.05,10454.16,86652016,11059042,-
2/22/2017,10403.92,10444.38,38.63,0.37%,10385.1,10444.38,80970640,10326146,-
2/21/2017,10338.87,10405.75,76.75,0.74%,10330.29,10407.14,81971416,10662001,-
2/20/2017,10203.02,10329,131.08,1.29%,10203.02,10334.59,76302968,9784666,-
2/17/2017,10261.09,10197.92,-56.04,-0.55%,10183.38,10296.14,74935560,9541378,-
2/16/2017,10175.12,10253.96,76.71,0.75%,10163.24,10253.96,69286128,8367322,-
2/15/2017,10259.95,10177.25,-87.67,-0.85%,10160.11,10294.77,78931512,9753466,-
2/14/2017,10273.09,10264.92,-5.9,-0.06%,10234.37,10286.37,65103340,8197397,-
2/13/2017,10188.71,10270.83,84.45,0.83%,10187.09,10279.12,77994984,9625706,-
2/10/2017,10184.57,10186.38,3.65,0.04%,10155.36,10212.48,75602008,9035776,-
2/9/2017,10124.45,10182.73,52.61,0.52%,10116.45,10194.42,68979408,8881176,-
2/8/2017,10043.61,10130.12,74.55,0.74%,10003.92,10130.12,57522172,7586910,-
2/7/2017,10072.51,10055.57,-23.16,-0.23%,10011.77,10093.67,53470568,6916219.5,-
2/6/2017,10004.22,10078.73,73.89,0.74%,9984.64,10080.58,51862156,6557779.5,-
2/3/2017,10061.29,10004.84,-47.21,-0.47%,9985.3,10066.7,45144216,5033531,-
1/26/2017,9989.85,10052.05,74.09,0.74%,9989.36,10053.36,45169592,5498027,-
1/25/2017,9931.62,9977.96,36.41,0.37%,9922.49,9991.5,43293548,5336924.5,-
1/24/2017,9972.61,9941.55,-34.64,-0.35%,9928.08,9978.27,51076768,6242457,-
1/23/2017,9919.41,9976.19,70.05,0.71%,9919.41,10010.08,56818120,6849927.5,-
1/20/2017,9763.04,9906.14,137.57,1.41%,9762.78,9925.17,52895984,6885930.5,-
1/19/2017,9781.64,9768.57,-36.19,-0.37%,9746.3,9821.22,45484056,5400063,-
1/18/2017,9801.08,9804.76,-22.03,-0.22%,9774.75,9858.79,46393016,6289788.5,-
1/17/2017,9684.53,9826.79,113.99,1.17%,9611.19,9827.91,57698372,7555910,-
1/16/2017,9993.56,9712.8,-295.5,-2.95%,9482.84,9993.56,82699384,10332469,-
1/13/2017,10135.68,10008.3,-122.93,-1.21%,9997.4,10155.22,59788620,7686034,-
1/12/2017,10207.43,10131.23,-84.25,-0.82%,10127.42,10236.09,62418236,7345732,-
1/11/2017,10294.3,10215.48,-90.86,-0.88%,10213.86,10331.37,61994392,7779130.5,-
1/10/2017,10327.01,10306.34,-25.45,-0.25%,10301.69,10357.14,64607492,8234365.5,-
1/9/2017,10281.31,10331.79,42.43,0.41%,10258.37,10337.7,61933736,8582359,-
1/6/2017,10362.85,10289.36,-82.11,-0.79%,10286.52,10363.12,61857024,8652467,-
1/5/2017,10382.6,10371.47,-13.4,-0.13%,10365.44,10396.91,68094984,9177060,-
1/4/2017,10264.43,10384.87,122.02,1.19%,10255.75,10384.87,72296288,9993175,-
1/3/2017,10205.14,10262.85,85.71,0.84%,10205.14,10275.13,62193540,7788159,-
12/30/2016,10175.5,10177.14,17.69,0.17%,10145.11,10204.09,50435324,6523631,-
12/29/2016,10177.03,10159.45,-27.71,-0.27%,10151.28,10222.52,49348956,6447161,-
12/28/2016,10229.01,10187.16,-43.41,-0.42%,10169.8,10246.77,51950156,6443636.5,-
12/27/2016,10229.91,10230.57,-2.85,-0.03%,10221.67,10270.98,52586172,6806116,-
12/26/2016,10163.51,10233.42,33.56,0.33%,10062.37,10233.42,61395728,7861068.5,-
12/23/2016,10304.63,10199.86,-107.06,-1.04%,10196.72,10311.39,63294100,7907261,-
12/22/2016,10310.72,10306.92,-6.65,-0.06%,10257.32,10323.07,58660432,7418071.5,-
12/21/2016,10266.19,10313.57,68.24,0.67%,10266.19,10320.34,62491032,7951881,-
12/20/2016,10275.44,10245.33,-37.83,-0.37%,10204.02,10276.63,63582324,7646382.5,-
12/19/2016,10330.61,10283.16,-51.6,-0.50%,10262.69,10330.61,65563488,8049444.5,-
12/16/2016,10258.64,10334.76,78.65,0.77%,10239.21,10346.53,67987400,8752582,-
12/15/2016,10202.24,10256.11,23.29,0.23%,10195,10331.98,75587200,9589940,-
12/14/2016,10318.07,10232.82,-99.46,-0.96%,10213.95,10333.66,79221984,9970805,-
12/13/2016,10280.44,10332.28,29.43,0.29%,10192.13,10364.06,81812800,10397014,-
12/12/2016,10774.59,10302.85,-486.77,-4.51%,10292.54,10775.57,115126880,15302405,-
12/9/2016,10802.18,10789.62,-22.68,-0.21%,10766.55,10835.91,77588544,10700016,-
12/8/2016,10865.22,10812.3,-43.42,-0.40%,10804.74,10865.22,78383208,10222484,-
12/7/2016,10780.21,10855.72,75.96,0.70%,10751.2,10855.72,74521760,9653013,-
12/6/2016,10798.8,10779.77,-4.56,-0.04%,10774.36,10833.81,69833816,10234542,-
12/5/2016,10776.12,10784.33,-128.3,-1.18%,10762.85,10894.08,91377688,12445917,-
12/2/2016,11074.54,10912.63,-175.53,-1.58%,10905.39,11078.29,101103552,13909924,-
12/1/2016,11037.12,11088.16,75.97,0.69%,11036.61,11090.93,95405536,13854869,-
11/30/2016,11023.66,11012.19,-22.51,-0.20%,10983.18,11072.05,97834056,13875565,-
11/29/2016,11039.62,11034.7,-34.17,-0.31%,11026.3,11124.81,113370336,15474277,-
11/28/2016,11078.77,11068.87,32.34,0.29%,11045.68,11108.87,111328216,15665778,-
11/25/2016,10966.36,11036.53,69.06,0.63%,10830.4,11036.53,102832032,14732227,-
11/24/2016,10960.64,10967.47,-6.33,-0.06%,10947.27,11030.12,102753136,14722127,-
11/23/2016,11011,10973.8,-11.8,-0.11%,10952,11041.52,108008928,15799611,-
11/22/2016,10910.42,10985.6,85.68,0.79%,10910.42,10985.6,95783784,13126551,-
11/21/2016,10877.08,10899.92,10.81,0.10%,10861.81,10955.44,82298544,11533010,-
11/18/2016,10946.88,10889.11,-56.31,-0.51%,10876.91,10963.66,78940112,10820859,-
11/17/2016,10942.1,10945.42,-22.66,-0.21%,10887.51,10961.8,85299432,11810466,-
11/16/2016,10970.7,10968.08,9.98,0.09%,10956.87,10998.92,109218192,14785428,-
11/15/2016,10910.14,10958.1,50.57,0.46%,10877.4,10958.1,106385712,13936969,-
11/14/2016,10855.98,10907.53,29.39,0.27%,10847.82,10952.61,132624408,16831828,-
11/11/2016,10823.93,10878.14,56.48,0.52%,10792.83,10878.14,126012496,15733444,-
11/10/2016,10777.1,10821.66,124.55,1.16%,10777.1,10848.98,100993896,12578772,-
11/9/2016,10768.86,10697.11,-66.02,-0.61%,10575.16,10785.09,104935392,13894497,-
11/8/2016,10734.07,10763.13,67.95,0.64%,10722.36,10785.88,80350768,10589729,-
11/7/2016,10704.26,10695.18,-7.39,-0.07%,10663.56,10729.99,86748064,10350377,-
11/4/2016,10737.91,10702.57,-41.39,-0.39%,10684.47,10784.84,74385608,10571663,-
11/3/2016,10662.16,10743.96,51.31,0.48%,10655.14,10804.26,88286656,12409088,-
11/2/2016,10771.35,10692.65,-103.49,-0.96%,10686.94,10785.11,79899016,11101615,-
11/1/2016,10714.82,10796.14,91.84,0.86%,10706.87,10797.06,66909628,9567375,-
